field_id,mukey,compname,comppct_r,drainagecl,hzdept_r,hzdepb_r,om_r,ph1to1h2o_r,awc_r,claytotal_r,sandtotal_r,silttotal_r,dbthirdbar_r,cec7_r
osm-1052414024,408342,Clarion,85,Moderately well drained,0,20,3.5,6.2,0.21,25.0,41.0,34.0,1.3,21.3
osm-1052414024,408342,Clarion,85,Moderately well drained,20,40,2.5,6.2,0.18,25.0,41.0,34.0,1.35,21.0
osm-1052414024,408382,Canisteo,75,Poorly drained,0,23,7.0,7.5,0.18,32.0,30.0,38.0,1.05,25.0
osm-1052414024,408382,Canisteo,75,Poorly drained,23,41,5.0,7.7,0.18,32.0,32.0,36.0,1.35,25.5
osm-1052414024,408386,Nicollet,85,Somewhat poorly drained,0,25,6.0,6.2,0.18,30.0,31.0,39.0,1.1,25.6
osm-1052414024,408386,Nicollet,85,Somewhat poorly drained,25,43,4.0,6.2,0.18,30.0,31.0,39.0,1.25,25.2
osm-1052414024,408389,Okoboji,85,Very poorly drained,0,20,9.0,6.8,0.22,36.0,11.0,53.0,0.95,29.5
osm-1052414024,408389,Okoboji,85,Very poorly drained,20,84,6.0,7.0,0.22,36.0,12.0,52.0,1.3,29.2
osm-1052414024,408390,Storden,86,Well drained,0,20,2.5,7.7,0.18,21.0,46.0,33.0,1.3,16.0
osm-1052414024,408390,Storden,86,Well drained,20,140,0.5,7.8,0.18,21.0,42.0,37.0,1.55,15.4
osm-1052414024,408395,Clarion,60,Moderately well drained,0,20,3.5,6.2,0.21,25.0,41.0,34.0,1.3,21.3
osm-1052414024,408395,Clarion,60,Moderately well drained,20,40,2.5,6.2,0.18,25.0,41.0,34.0,1.35,21.0
osm-1052414024,408395,Swanlake,25,Well drained,0,20,3.0,7.7,0.21,24.0,42.0,34.0,1.4,19.6
osm-1052414024,408395,Swanlake,25,Well drained,20,110,0.5,7.9,0.18,23.0,36.0,41.0,1.4,14.0
osm-1052414024,408399,Crippin,80,Somewhat poorly drained,0,25,6.0,7.5,0.21,25.0,36.0,39.0,1.1,20.6
osm-1052414024,408399,Crippin,80,Somewhat poorly drained,25,41,4.0,7.5,0.21,25.0,36.0,39.0,1.25,20.1
osm-1052414024,408409,Okoboji,95,Very poorly drained,0,33,15.0,7.2,0.24,25.0,24.0,51.0,1.23,41.0
osm-1052414024,408410,Harps,85,Poorly drained,0,20,7.0,7.5,0.18,32.0,30.0,38.0,1.05,23.5
osm-1052414024,408410,Harps,85,Poorly drained,20,41,5.0,8.0,0.18,32.0,32.0,36.0,1.35,23.2
osm-1360326432,408334,Webster,85,Poorly drained,0,25,7.0,6.5,0.18,33.0,25.0,42.0,1.05,28.1
osm-1360326432,408334,Webster,85,Poorly drained,25,51,5.0,6.9,0.18,33.0,25.0,42.0,1.35,27.7
osm-1360326432,408342,Clarion,85,Moderately well drained,0,20,3.5,6.2,0.21,25.0,41.0,34.0,1.3,21.3
osm-1360326432,408342,Clarion,85,Moderately well drained,20,40,2.5,6.2,0.18,25.0,41.0,34.0,1.35,21.0
osm-1360326432,408344,Clarion,85,Well drained,0,20,2.5,6.2,0.18,21.0,46.0,33.0,1.3,18.0
osm-1360326432,408344,Clarion,85,Well drained,20,61,0.75,6.6,0.18,23.0,43.0,34.0,1.4,18.6
osm-1360326432,408345,Clarion,85,Well drained,0,18,2.7,6.5,0.21,21.0,41.6,37.4,1.43,22.5
osm-1360326432,408345,Clarion,85,Well drained,18,41,1.5,6.5,0.21,21.0,41.6,37.4,1.43,22.5
osm-1360326432,408382,Canisteo,75,Poorly drained,0,23,7.0,7.5,0.18,32.0,30.0,38.0,1.05,25.0
osm-1360326432,408382,Canisteo,75,Poorly drained,23,41,5.0,7.7,0.18,32.0,32.0,36.0,1.35,25.5
osm-1360326432,408386,Nicollet,85,Somewhat poorly drained,0,25,6.0,6.2,0.18,30.0,31.0,39.0,1.1,25.6
osm-1360326432,408386,Nicollet,85,Somewhat poorly drained,25,43,4.0,6.2,0.18,30.0,31.0,39.0,1.25,25.2
osm-1360326432,408389,Okoboji,85,Very poorly drained,0,20,9.0,6.8,0.22,36.0,11.0,53.0,0.95,29.5
osm-1360326432,408389,Okoboji,85,Very poorly drained,20,84,6.0,7.0,0.22,36.0,12.0,52.0,1.3,29.2
osm-1360326432,408399,Crippin,80,Somewhat poorly drained,0,25,6.0,7.5,0.21,25.0,36.0,39.0,1.1,20.6
osm-1360326432,408399,Crippin,80,Somewhat poorly drained,25,41,4.0,7.5,0.21,25.0,36.0,39.0,1.25,20.1
osm-1360326432,408410,Harps,85,Poorly drained,0,20,7.0,7.5,0.18,32.0,30.0,38.0,1.05,23.5
osm-1360326432,408410,Harps,85,Poorly drained,20,41,5.0,8.0,0.18,32.0,32.0,36.0,1.35,23.2
osm-1360386537,408334,Webster,85,Poorly drained,0,25,7.0,6.5,0.18,33.0,25.0,42.0,1.05,28.1
osm-1360386537,408334,Webster,85,Poorly drained,25,51,5.0,6.9,0.18,33.0,25.0,42.0,1.35,27.7
osm-1360386537,408342,Clarion,85,Moderately well drained,0,20,3.5,6.2,0.21,25.0,41.0,34.0,1.3,21.3
osm-1360386537,408342,Clarion,85,Moderately well drained,20,40,2.5,6.2,0.18,25.0,41.0,34.0,1.35,21.0
osm-1360386537,408344,Clarion,85,Well drained,0,20,2.5,6.2,0.18,21.0,46.0,33.0,1.3,18.0
osm-1360386537,408344,Clarion,85,Well drained,20,61,0.75,6.6,0.18,23.0,43.0,34.0,1.4,18.6
osm-1360386537,408382,Canisteo,75,Poorly drained,0,23,7.0,7.5,0.18,32.0,30.0,38.0,1.05,25.0
osm-1360386537,408382,Canisteo,75,Poorly drained,23,41,5.0,7.7,0.18,32.0,32.0,36.0,1.35,25.5
osm-1360386537,408386,Nicollet,85,Somewhat poorly drained,0,25,6.0,6.2,0.18,30.0,31.0,39.0,1.1,25.6
osm-1360386537,408386,Nicollet,85,Somewhat poorly drained,25,43,4.0,6.2,0.18,30.0,31.0,39.0,1.25,25.2
osm-1360386537,408389,Okoboji,85,Very poorly drained,0,20,9.0,6.8,0.22,36.0,11.0,53.0,0.95,29.5
osm-1360386537,408389,Okoboji,85,Very poorly drained,20,84,6.0,7.0,0.22,36.0,12.0,52.0,1.3,29.2
osm-1360386537,408390,Storden,86,Well drained,0,20,2.5,7.7,0.18,21.0,46.0,33.0,1.3,16.0
osm-1360386537,408390,Storden,86,Well drained,20,140,0.5,7.8,0.18,21.0,42.0,37.0,1.55,15.4
osm-1360386537,408395,Clarion,60,Moderately well drained,0,20,3.5,6.2,0.21,25.0,41.0,34.0,1.3,21.3
osm-1360386537,408395,Clarion,60,Moderately well drained,20,40,2.5,6.2,0.18,25.0,41.0,34.0,1.35,21.0
osm-1360386537,408395,Swanlake,25,Well drained,0,20,3.0,7.7,0.21,24.0,42.0,34.0,1.4,19.6
osm-1360386537,408395,Swanlake,25,Well drained,20,110,0.5,7.9,0.18,23.0,36.0,41.0,1.4,14.0
osm-1360386537,408399,Crippin,80,Somewhat poorly drained,0,25,6.0,7.5,0.21,25.0,36.0,39.0,1.1,20.6
osm-1360386537,408399,Crippin,80,Somewhat poorly drained,25,41,4.0,7.5,0.21,25.0,36.0,39.0,1.25,20.1
osm-1360386537,408410,Harps,85,Poorly drained,0,20,7.0,7.5,0.18,32.0,30.0,38.0,1.05,23.5
osm-1360386537,408410,Harps,85,Poorly drained,20,41,5.0,8.0,0.18,32.0,32.0,36.0,1.35,23.2
osm-1360394834,408346,Spillville,85,Somewhat poorly drained,0,23,3.5,6.7,0.21,24.0,40.0,36.0,1.3,20.5
osm-1360394834,408346,Spillville,85,Somewhat poorly drained,23,112,2.5,6.7,0.18,24.0,40.0,36.0,1.35,20.3
osm-1360394834,408351,Cylinder,85,Somewhat poorly drained,0,20,4.5,6.4,0.21,24.0,42.0,34.0,1.3,20.7
osm-1360394834,408351,Cylinder,85,Somewhat poorly drained,20,48,2.5,6.7,0.18,24.0,45.0,31.0,1.3,20.3
osm-1360394834,408353,Linder,95,Somewhat poorly drained,0,33,4.0,6.7,0.18,16.0,65.1,18.9,1.43,17.5
osm-1360394834,408357,Biscay,85,Poorly drained,0,20,7.0,6.9,0.18,27.0,36.0,37.0,1.25,23.5
osm-1360394834,408357,Biscay,85,Poorly drained,20,52,5.0,7.0,0.17,27.0,39.0,34.0,1.25,23.2
osm-1360394834,408371,Darfur,100,Poorly drained,0,48,5.0,6.7,0.21,21.5,41.4,37.1,1.28,22.5
osm-1360394834,408372,Estherville,85,Somewhat excessively drained,0,20,2.5,5.9,0.13,17.0,57.0,26.0,1.3,15.6
osm-1360394834,408372,Estherville,85,Somewhat excessively drained,20,33,1.0,6.3,0.13,17.0,58.0,25.0,1.3,14.0
osm-1360394834,408373,Estherville,90,Somewhat excessively drained,0,18,2.0,6.5,0.16,10.0,66.9,23.1,1.3,17.5
osm-1360394834,408373,Estherville,90,Somewhat excessively drained,18,46,0.75,6.5,0.16,14.0,66.8,19.2,1.48,12.0
osm-1360394834,408405,Ridgeport,95,Somewhat excessively drained,0,28,2.0,6.5,0.11,14.0,66.8,19.2,1.53,17.5
osm-1360394834,408405,Ridgeport,95,Somewhat excessively drained,28,84,0.5,6.5,0.08,14.0,66.8,19.2,1.58,17.5
